<?xml version="1.0" encoding="UTF-8"?>
<project-private xmlns="http://www.netbeans.org/ns/project-private/1">
    <editor-bookmarks xmlns="http://www.netbeans.org/ns/editor-bookmarks/2" lastBookmarkId="0"/>
    <open-files xmlns="http://www.netbeans.org/ns/projectui-open-files/2">
        <group>
            <file>file:/home/cesar/NetBeansProjects/ifsp-2021/DISCIPLINAS/FP1%20-%20Ferramentas%20de%20Programação%201/2021/jpa-relacionamentos/src/Teste.java</file>
            <file>file:/home/cesar/NetBeansProjects/ifsp-2021/DISCIPLINAS/FP1%20-%20Ferramentas%20de%20Programação%201/2021/jpa-relacionamentos/src/br/edu/ifsp/pep/modelo/Categoria.java</file>
            <file>file:/home/cesar/NetBeansProjects/ifsp-2021/DISCIPLINAS/FP1%20-%20Ferramentas%20de%20Programação%201/2021/jpa-relacionamentos/src/br/edu/ifsp/pep/modelo/Produto.java</file>
        </group>
    </open-files>
</project-private>
